;0
Office_Alannah;3
Office_Allyson;5
Office_Ava;19
Office_Ayden;20
Office_Ayesha;21
Office_Benthe;23
Office_Bryon;27
Office_Cameron;29
Office_Carolina;31
Office_Charles;34
Office_Clinton;37
Office_Cody;38
Office_Cora;41
Office_Dawn;45
Office_Eddie;47
Office_Elizabeth;50
Office_Ellis;53
Office_Emer;54
Office_Evelyn;57
Office_Garman;59
Office_Georgia;62
Office_Gisselle;63
Office_Glenda;65
Office_Gloria;67
Office_Gustavo;69
Office_Jackie;70
Office_Jackson;71
Office_Javon;73
Office_Jesus;77
Office_Jett;78
Office_Joan;79
Office_John;80
Office_Leland;84
Office_Luann;89
Office_Madeleine;91
Office_Malik;93
Office_Marilyn;98
Office_Mark;100
Office_Marla;101
Office_Martha;103
Office_Martin;104
Office_Mat;109
Office_Max;111
Office_Mikayla;120
Office_Milton;121
Office_Mohammed;122
Office_Moises;123
Office_Morgan;125
Office_Myron;128
Office_Noel;131
Office_Pam;133
Office_Pamela;134
Office_Pasquale;135
Office_Paula;138
Office_Paulina;140
Office_Pauline;141
Office_Penny;142
Office_Shari;147
Office_Shelly;149
Office_Terrell;153
Office_Tod;154
PrimClass_Edwin;160
PrimClass_Eleanor;161
PrimClass_Elijah;163
PrimClass_Ellen;165
PrimClass_Elliott;166
PrimClass_Elmer;167
PrimClass_Emanuela;168
PrimClass_Eoghan;171
PrimClass_Ernesto;173
PrimClass_Ervin;174
PrimClass_Eva;178
PrimClass_Everett;179
PrimClass_Ezekiel;181
PrimClass_Jacob;183
PrimClass_Jacqueline;184
PrimClass_Jacquelyn;185
PrimClass_Jake;188
PrimClass_Janelle;192
PrimClass_Janet;193
PrimClass_Jaqueline;198
PrimClass_Jasmine;200
PrimClass_Jayla;204
PrimClass_Jaylin;205
PrimClass_Jean;210
PrimClass_Jediah;214
PrimClass_Jennie;219
PrimClass_Jennifer;220
PrimClass_Jermaine;223
PrimClass_Jesse;225
PrimClass_Jessie;226
PrimClass_Jill;227
PrimClass_Jimmie;229
PrimClass_Jody;233
PrimClass_Johanna;236
PrimClass_Johnathan;237
PrimClass_Johnathon;238
PrimClass_Johnnie;239
PrimClass_Jose;243
PrimClass_Joselyn;244
PrimClass_Juanita;247
PrimClass_Julianna;251
PrimClass_Julianne;252
UnivClass_Alexander;267
UnivClass_Alexandria;269
UnivClass_Alfredo;271
UnivClass_Alicia;272
UnivClass_Alvin;274
UnivClass_Andy;278
UnivClass_Anika;279
UnivClass_Armando;288
UnivClass_Ayanna;290
UnivClass_Bob;292
UnivClass_Brett;294
UnivClass_Camden;297
UnivClass_Charlie;305
UnivClass_Christian;306
UnivClass_Clay;308
UnivClass_Clifford;309
UnivClass_Colette;310
UnivClass_Conor;312
UnivClass_Maddison;315
UnivClass_Nash;316
UnivClass_Nathaniel;317
UnivClass_Nayeli;318
UnivClass_Nicholas;320
UnivClass_Noreen;323
UnivClass_Pandora;324
UnivClass_Peter;326
UnivClass_Philip;327
UnivClass_Seb;330
UnivClass_Stuart;336
UnivClass_Tammy;338
UnivClass_Therese;341
UnivDorm_Adan;342
UnivDorm_Alonzo;347
UnivDorm_Alphonso;348
UnivDorm_Alyshialynn;349
UnivDorm_Alyssa;350
UnivDorm_April;352
UnivDorm_Avery;354
UnivDorm_Camila;355
UnivDorm_Cara;357
UnivDorm_Casey;361
UnivDorm_Cathalina;363
UnivDorm_Celeste;365
UnivDorm_Cheri;367
UnivDorm_Chester;368
UnivDorm_Ciaran;373
UnivDorm_Claudia;374
UnivDorm_Cooper;378
UnivDorm_Corey;379
UnivDorm_Lawrence;384
UnivDorm_Leann;385
UnivDorm_Leticia;388
UnivDorm_Mathew;395
UnivDorm_Mauricio;396
UnivDorm_Mitch;398
UnivDorm_Paola;399
UnivDorm_Patrice;400
UnivDorm_Petar;405
UnivDorm_Phoebe;407
UnivDorm_Poppy;409
UnivDorm_Una;411
UnivLab_Adrian;412
UnivLab_Aine;413
UnivLab_Alaina;414
UnivLab_Albert;415
UnivLab_Alfonso;418
UnivLab_Ali;419
UnivLab_Alisa;421
UnivLab_Allan;422
UnivLab_Ana;426
UnivLab_Anita;429
UnivLab_Annette;432
UnivLab_Ariel;435
UnivLab_Ashlee;436
UnivLab_Audra;439
UnivLab_Bert;441
UnivLab_Beth;442
UnivLab_Brenna;445
UnivLab_Caitlin;447
UnivLab_Camryn;450
UnivLab_Carole;455
UnivLab_Christy;462
UnivLab_Clint;465
UnivLab_Collin;467
UnivLab_Crystal;470
UnivLab_Lea;473
UnivLab_Lilly;477
UnivLab_Lyle;479
UnivLab_Mack;480
UnivLab_Madelyn;481
UnivLab_Margret;482
UnivLab_Marshall;486
UnivLab_Paris;489
UnivLab_Parker;490
UnivLab_Patsy;492
UnivLab_Paul;493
UnivLab_Peggy;494
UnivLab_Santiago;499
UnivLab_Suzette;501
UnivLab_Tracy;506
