,0
UnivClass_Beatrice,291
UnivLab_Aoife,433
UnivDorm_Prince,410
UnivDorm_Malachi,391
Office_Catherine,32
Office_Nelson,130
Office_Garrett,60
PrimClass_Julio,253
UnivDorm_Lorraine,389
PrimClass_Joanna,230
PrimClass_Jon,241
UnivClass_Sheila,333
PrimClass_Janice,194
UnivDorm_Payton,403
Office_Maryann,107
Office_Eileen,48
PrimClass_Judy,249
Office_Annika,14
UnivLab_Cecil,457
UnivLab_Andre,427
PrimClass_Jarrett,199
PrimClass_Jensen,221
UnivClass_Conner,311
UnivDorm_Lysander,390
UnivDorm_Malcolm,392
Office_Abigail,1
UnivDorm_Candace,356
PrimClass_Jim,228
Office_Pat,136
UnivDorm_Cheyenne,369
UnivLab_Taylor,503
Office_Michael,117
UnivClass_Cathleen,302
Office_Elliot,52
UnivLab_Christine,461
PrimClass_Eli,162
Office_Ashanti,15
Office_Angelica,11
Office_Angelo,13
UnivClass_Shawna,332
UnivClass_Anamaria,277
Office_Aliyah,4
UnivLab_Carley,451
PrimClass_Janie,195
UnivDorm_Antonio,351
Office_Matthew,110
PrimClass_Jeffery,216
UnivDorm_Christopher,371
UnivLab_Neil,488
UnivClass_Alexus,270
Office_Maya,113
UnivLab_Tami,502
PrimClass_Jerome,224
UnivLab_Priscilla,498
UnivClass_Antoinette,283
Office_Mick,119
PrimClass_Ethan,176
Office_Micheal,118
UnivDorm_Alka,346
Office_Maximus,112
UnivLab_Preston,497
PrimClass_Joey,235
Office_Shawnette,148
UnivLab_Cory,468
PrimClass_Jeannine,213
UnivLab_Angie,428
UnivClass_Anya,284
UnivClass_Phyllis,328
Office_Ellie,51
Office_Marcia,95
UnivClass_Nishka,322
UnivDorm_Christi,370
Office_Skyler,151
Office_Gemma,61
UnivDorm_Cornelius,380
PrimClass_Emily,170
UnivLab_Levi,476
UnivDorm_Cecilia,364
PrimClass_Justin,256
UnivLab_Cesar,459
PrimClass_Umar,259
UnivLab_Amaya,424
UnivDorm_Adriana,343
Office_Marianne,97
Office_Travis,155
Office_Precious,145
UnivClass_Carl,300
PrimClass_Justice,255
PrimClass_Uma,258
PrimClass_Javier,201
UnivClass_Carolyn,301
Office_Aubrey,17
PrimClass_Josephine,245
Office_Monty,124
UnivLab_Annabelle,431
UnivDorm_Piper,408
PrimClass_Jaylinn,206
PrimClass_Jeanine,212
UnivClass_Teri,340
Office_Louise,88
PrimClass_Jaiden,187
UnivClass_Annabella,280
UnivDorm_Carla,359
UnivDorm_Mckenzie,397
UnivDorm_Alex,345
UnivDorm_Constance,377
PrimClass_Jane,191
Office_Curt,44
UnivLab_Carlton,453
UnivClass_Tamra,339
PrimClass_Uriah,260
Office_Emerald,55
Office_Lane,83
UnivClass_Alejandra,266
UnivLab_Alberto,416
PrimClass_Jamal,189
PrimClass_Julian,250
UnivDorm_Clayton,375
UnivLab_Cristian,469
PrimClass_Jolie,240
Office_Benjamin,22
PrimClass_Angela,157
UnivDorm_Carter,360
UnivClass_Jadon,314
UnivClass_Celia,303
UnivClass_Calvin,296
UnivLab_Carol,454
UnivClass_Serenity,331
Office_Lillian,87
Office_Lesa,86
PrimClass_Ulysses,257
Office_Mercedes,116
Office_Alyson,6
Office_Marlon,102
UnivClass_Amya,276
UnivDorm_Pedro,404
UnivLab_Callie,448
PrimClass_Jayson,207
UnivClass_Adrienne,263
UnivLab_Cam,449
UnivClass_Caitlyn,295
PrimClass_Evie,180
UnivLab_Brad,444
Office_Patricia,137
UnivClass_Sylvia,337
UnivLab_Arianna,434
UnivLab_Mariana,483
Office_Al,2
PrimClass_Janis,196
UnivClass_Abraham,262
Office_Glenn,66
UnivClass_Alec,265
UnivClass_Ariana,287
Office_Marvin,105
PrimClass_Jenna,218
Office_Caleb,28
PrimClass_Josue,246
PrimClass_Jaden,186
UnivLab_Tracie,505
UnivLab_Ciel,463
UnivDorm_Cian,372
UnivLab_Alexis,417
PrimClass_Jeanette,211
PrimClass_Judith,248
PrimClass_Ezra,182
UnivLab_Lester,475
PrimClass_Ethel,177
Office_Abbey,0
UnivClass_Amari,275
UnivLab_Cedric,458
UnivClass_Nelly,319
UnivClass_Craig,313
PrimClass_Emilio,169
PrimClass_Joel,234
UnivClass_Ciara,307
UnivLab_Miles,487
UnivLab_Lee,474
UnivClass_Pete,325
Office_Mada,90
UnivClass_Anne,281
UnivClass_Caoimhe,299
Office_Madisyn,92
Office_Dorian,46
UnivClass_Annmarie,282
UnivLab_Susan,500
Office_Asher,16
Office_Clifton,36
Office_Corbin,42
Office_Amelie,8
PrimClass_Jocelyn,231
Office_Amelia,7
Office_Perla,143
Office_Muhammad,127
UnivDorm_Cathal,362
Office_Erik,56
Office_Marc,94
UnivDorm_Chelsey,366
UnivLab_Bethany,443
Office_Clarissa,35
Office_Lena,85
Office_Joni,81
UnivClass_Nickolas,321
UnivLab_Cayden,456
UnivDorm_Colton,376
Office_Paulette,139
Office_Sinead,150
PrimClass_Jodie,232
PrimClass_Elisabeth,164
PrimClass_Julius,254
PrimClass_Jonathon,242
Office_Gabriela,58
Office_Angelina,12
PrimClass_Edmund,159
PrimClass_Janiya,197
PrimClass_Esmeralda,175
PrimClass_Jeff,215
Office_Marcus,96
Office_Paige,132
UnivDorm_Marquis,394
Office_Natasha,129
UnivClass_Abby,261
UnivLab_Patrick,491
UnivLab_Marie,484
Office_Andrea,10
Office_Melinda,115
Office_Anastasia,9
PrimClass_Jayda,203
Office_Jayden,74
Office_Autumn,18
Office_Jude,82
UnivLab_Louie,478
UnivLab_Amy,425
UnivLab_Dianna,471
UnivLab_Caesar,446
UnivClass_Aidan,264
UnivLab_Phil,496
Office_Megan,114
UnivClass_Alexandra,268
UnivDorm_Leslie,387
PrimClass_Jaxson,202
UnivClass_Candy,298
UnivClass_Allen,273
Office_Carissa,30
Office_Stella,152
Office_Gladys,64
Office_Mason,108
Office_Bianca,24
PrimClass_Angel,156
UnivClass_Stephen,335
Office_Colby,39
PrimClass_Ebony,158
UnivLab_Clodagh,466
UnivDorm_Leonard,386
Office_Jerry,76
PrimClass_Jamie,190
Office_Conrad,40
Office_Mary,106
Office_Phebian,144
UnivClass_Aoibhe,285
Office_Cecelia,33
UnivDorm_Carey,358
UnivDorm_Jeannette,382
UnivDorm_Patty,402
PrimClass_Jeffrey,217
UnivDorm_Laura,383
UnivLab_Terrie,504
PrimClass_Jazmine,209
UnivDorm_Ashleigh,353
UnivDorm_Curtis,381
UnivLab_Alina,420
UnivClass_Sam,329
Office_Cristina,43
UnivLab_Allison,423
PrimClass_Jeremy,222
UnivLab_Ashton,438
UnivLab_Mario,485
UnivLab_Aurora,440
UnivClass_Boyd,293
UnivClass_Chandler,304
UnivLab_Peyton,495
UnivClass_Axel,289
UnivLab_Ashlynn,437
UnivDorm_Phillip,406
Office_Bobbi,25
UnivLab_Lauren,472
Office_Scottie,146
PrimClass_Ernest,172
UnivLab_Cheyanne,460
UnivLab_Carlos,452
Office_Elena,49
Office_Moses,126
Office_Brian,26
UnivLab_Aniya,430
Office_Marion,99
Office_Jeanne,75
UnivClass_Archie,286
UnivClass_Stephanie,334
UnivLab_Cindy,464
UnivDorm_Marlene,393
UnivDorm_Ahmad,344
UnivDorm_Patti,401
Office_Jan,72
PrimClass_Jazmin,208
